{
  "version": 1,
  "author": "Devi Andini Febrianti",
  "editor": "wokwi",
  "parts": [
    { "type": "board-esp32-devkit-c-v4", "id": "esp", "top": 0, "left": 0, "attrs": {} },
    { "type": "wokwi-rgb-led", "id": "rgb1", "top": 4, "left": 145.1, "attrs": {} }
  ],
  "connections": [
    [ "esp:TX", "$serialMonitor:RX", "", [] ],
    [ "esp:RX", "$serialMonitor:TX", "", [] ],
    [ "rgb1:B", "esp:0", "green", [ "v0" ] ],
    [ "esp:4", "rgb1:G", "green", [ "h0" ] ],
    [ "esp:16", "rgb1:R", "green", [ "h0" ] ],
    [ "rgb1:COM", "esp:3V3", "green", [ "v0" ] ]
  ],
  "dependencies": {}
}