{
  "version": 1,
  "author": "Devi Andini Febrianti",
  "editor": "wokwi",
  "parts": [
    { "type": "board-esp32-devkit-c-v4", "id": "esp", "top": 0, "left": 0, "attrs": {} },
    { "type": "wokwi-rgb-led", "id": "rgb1", "top": -15.2, "left": 154.7, "attrs": {} },
    {
      "type": "wokwi-resistor",
      "id": "r1",
      "top": 128.75,
      "left": 163.2,
      "attrs": { "value": "1000" }
    },
    {
      "type": "wokwi-resistor",
      "id": "r2",
      "top": 99.95,
      "left": 153.6,
      "attrs": { "value": "1000" }
    },
    {
      "type": "wokwi-resistor",
      "id": "r3",
      "top": 80.75,
      "left": 134.4,
      "attrs": { "value": "1000" }
    }
  ],
  "connections": [
    [ "esp:TX", "$serialMonitor:RX", "", [] ],
    [ "esp:RX", "$serialMonitor:TX", "", [] ],
    [ "esp:0", "r1:1", "green", [ "h0" ] ],
    [ "r1:2", "rgb1:B", "green", [ "v0" ] ],
    [ "esp:4", "r2:1", "green", [ "h0" ] ],
    [ "r2:2", "rgb1:G", "green", [ "v0" ] ],
    [ "esp:16", "r3:1", "green", [ "h0" ] ],
    [ "r3:2", "rgb1:R", "green", [ "v0" ] ],
    [ "rgb1:COM", "esp:3V3", "green", [ "v0" ] ]
  ],
  "dependencies": {}
}