{
  "version": 1,
  "author": "Velodash",
  "editor": "wokwi",
  "parts": [
    { "type": "board-esp32-devkit-c-v4", "id": "esp", "top": 0, "left": -4.76, "attrs": {} },
    { "type": "wokwi-rgb-led", "id": "rgb1", "top": 32.8, "left": 154.7, "attrs": {} }
  ],
  "connections": [
    [ "esp:TX", "$serialMonitor:RX", "", [] ],
    [ "esp:RX", "$serialMonitor:TX", "", [] ],
    [ "rgb1:R", "esp:2", "red", [ "v0" ] ],
    [ "rgb1:COM", "esp:3V3", "black", [ "v134", "h-191.9", "v-9.6" ] ],
    [ "rgb1:G", "esp:0", "green", [ "v0" ] ],
    [ "rgb1:B", "esp:4", "blue", [ "v0" ] ]
  ],
  "dependencies": {}
}