{
  "version": 1,
  "author": "Velodash",
  "editor": "wokwi",
  "parts": [
    { "type": "board-esp32-s2-devkitm-1", "id": "esp", "top": -4.31, "left": 4.57, "attrs": {} },
    { "type": "wokwi-rgb-led", "id": "rgb1", "top": 23.2, "left": -104.5, "attrs": {} }
  ],
  "connections": [
    [ "esp:TX", "$serialMonitor:RX", "", [] ],
    [ "esp:RX", "$serialMonitor:TX", "", [] ],
    [ "rgb1:R", "esp:5", "red", [ "v0" ] ],
    [ "rgb1:COM", "esp:3V3", "black", [ "v18.8", "h48.1", "v-76.8" ] ],
    [ "rgb1:G", "esp:6", "green", [ "v0" ] ],
    [ "rgb1:B", "esp:7", "blue", [ "v0" ] ]
  ],
  "dependencies": {}
}